﻿<Ui xmlns="http://www.blizzard.com/wow/ui/">
	<Script file="config\config.lua"/>
	<Script file="config\profiles.lua"/>
	<Script file="plugins\aura.lua"/>
	<Script file="plugins\power.lua"/>
	<Script file="plugins\combo.lua"/>
	<Script file="plugins\resource.lua"/>
	<Script file="plugins\health.lua"/>
	<Script file="plugins\runes.lua"/>
	<Script file="plugins\eclipse.lua"/>
	<Script file="plugins\totems.lua"/>
	<Script file="plugins\burningembers.lua"/>
	<Script file="plugins\demonicfury.lua"/>
	<Script file="plugins\dots.lua"/>
	<Script file="plugins\regen.lua"/>
	<Script file="plugins\wildmushrooms.lua"/>

	<Script file="core.lua"/>
</Ui>